{"cameraMode":{"drawMode":0,"name":"Shaded","section":"Shading Mode"},"sceneLighting":true,"audioPlay":false,"sceneViewState":{"showFog":true,"showMaterialUpdate":false,"showSkybox":true,"showFlares":true,"showImageEffects":true,"showParticleSystems":true},"in2DMode":false,"pivot":{"x":1.4827101230621338,"y":0.8432325124740601,"z":-1.4507601261138917},"rotation":{"x":-0.24384450912475587,"y":0.5991957187652588,"z":-0.19844146072864533,"w":-0.7362951040267944},"size":4.443765163421631,"orthographic":false}